Post,Type
"Introducing #Insecure #Comparison in #javascript  #Lab/#ctf. CTF written in #Node #Expressjs module.
Feel free to exploit it. And let me know!
https://github.com/Dheerajmadhukar/Insecure-Comparison-Lab_me_dheeraj
#bugbounty #bugbountytip #CTfreaks #challenge ",1
"I want to have a thread here for highly recomeneded, Free, browser based #infosec tools (ie, 
@virustotal ). 

How does this happen twitter? ",1
"The GOSST (Google Open Source Security Team) is hiring in Sydney! We're looking for engineers with experience/interest in open source and security.
https://careers.google.com/jobs/results/98592217829909190-information-security-engineer-open-source-security-team/",0
"Want to learn all about our new @RedHat OpenShift Streams for Apache Kafka service? Sign up for our workshop tomorrow. Seats are limited, so grab one while they're still available: hopin.com",1
"Thrilled to share my article ""Saga Orchestration for #Microservices Using the Outbox Pattern"" is up on 
@InfoQ! 

Discussing how to implement Sagas safe and reliably using change data capture and #Debezium, with services connected via #ApacheKafka.

https://infoq.com/articles/saga-orchestration-outbox/",1
xyz was the worst leader that we ever had.,2
"#JEE (Main) Exam has been breached. Students appearing for such competitive exams prepare very hard, battling difficulties of various kinds. 

We, as a nation, owe them a fair exam. 

GOI is better at providing cover-ups.",2
All systems and weather are looking good for today‚Äôs Falcon 9 launch of Dragon‚Äôs first all-civilian spaceflight. Webcast will go live ~4 hours before liftoff http://spacex.com/launches,2
"Koei Tecmo has released a new trailer for Attack on Titan 2: Final Battle, introducing new elements in the expansion. https://rpgsite.net/news/8516-attack-on-titan-2-final-battle-trailers-shows-new-features",2
"7 leadership and #tech conferences to consider this fall
https://buff.ly/2VRTlz2",1
"Got my lovely GitHub Field Day Swag Box. Thank you 
@GHFieldDayIndia
 for the  surprise. #github #community",2
"Want to learn more about Windows and Linux privilege escalation?

Check out this playlist of videos!

https://t.co/R5R25kClH8?amp=1 ",1
"Hi everyone, here is my first writeup about a reflected XSS which I escalated to achieve Account Takeover. 

I hope you all like it, enjoy reading!! 
#bugbounty #bugbountytips #infosec #hackerone #bugcrowd #synack",1
"Anything and everything I know about data visualization is thanks to these books. Folded handsBooks 

That said, for budget or time constraints, if you were looking for only one book to read, I‚Äôd personally recommend Claus Wilke‚Äôs book (https://clauswilke.com/dataviz/)!",1
10+ npm commands that every web developer should know: https://twitter.com/hassibmoddasser/status/1438216603947126789/photo/1,1
"10 Efficient Code and Optimization techniques for Python with Code Implementation.
A thread ThreadDown pointing backhand index
#Python #TensorFlow #DataScientist #Programming #Coding #100DaysofCode #DataScience #AI #MachineLearning",1
"Do you have experience with building and maintaining cloud native applications on Kubernetes and OpenShift, and would like a new challenge? If so the Keycloak team has an open position https://global-redhat.icims.com/jobs/88930/senior-software-engineer-application-services/job?hub=7 that you may be interested in!",0
"I‚Äôm looking for a senior engineer to work on our API. We work with healthcare data so a good understanding of security is crucial. We‚Äôre building microservices in Scala, so JVM  https://t.co/32Koz4tbYP?amp=1experience is great.
",0
"Outreachy Internship Open Source applications are open now: https://outreachy.org 

Perks:
Paid - $6,000 USD total internship stipend
Remote - both interns and mentors work remotely
3 months - internships run May to August, or December to March",0
"A thread on the complexities of conflict that continue in Afghanistan villages and networks long after Foreign involvement. This story starts years ago with a US special forces commander and his unorthodox connections with tribes and villages in rural Kunar, Khas KUNAR district.",2
"Happy Birthday, abc",2
"#HackTheBox Unobtainium video is online.  A really fun box with exploiting electron, nodejs, and k8 trusts.  My favorite part about doing this box was talking with 
@0xdf_
 after and finding out how much our styles of accomplishing the same thing differed. https://t.co/DK9r5QUmQ3?amp=1",1
"Apple Information Security has an opening on our Applied Research team. Come help us discover tomorrow‚Äôs security risks - details here https://t.co/13w5IFTsEC?amp=1
",0
"We're looking for a part-time Content Marketer to join our team! 

If the following describes you, apply 

Experience in the tech industry
Enjoy writing security-related content
Basic SEO and SEM knowledge
Keep up-to-date with cyber trends
https://t.co/2822A5K40A?amp=1",0
"The SDLC describes the five stages of application development: the requirements phase, the design phase, the coding phase, the testing phase, and the release phase. Let's take a look at how you can secure your application in these five stages. https://t.co/GZeNFbUdc8?amp=1",1
"Hello Warriors, The time has come to Capture The Flag 
Tamil CTF 2021 is happening in 10 Days
with Exciting Prizes from HackTheBox, Rootme, Burp Bounty and Infosec House.
Register now: http://ctf.tamilctf.com",1
"College students! Register now for @HackMIT's annual hackathon taking place September 18-19. 
https://twitter.com/HackMIT/status/1413657272555823106/photo/1
 ",1
I just published Automation with Ansible https://t.co/foNP8IzWif?amp=1,1
"I am hiring a Research Scientist to work at the intersection between causal inference and machine learning!  #deepmind 

Please apply for the 
@DeepMind
 Research Scientist London position expressing your interest in working with me https://t.co/5W3EHUpoz4?amp=1",0
Doctor combatting myths about Covid vaccines on TikTok calls for trainee medics to be given social media lessons within their degrees https://t.co/m7fzjUyLAs?amp=1,2
"""Australia, the UK, and the US will become inseparable partners in a project that will last for decades""

PM Boris Johnson announces historic security pact in the Asia-Pacific, which will see Australia build nuclear-powered submarines, using US technology

https://bbc.in/3ltboUL",2
"New malware uses Windows Subsystem for Linux for stealthy attacks - 
@Ionut_Ilascu
 https://t.co/nfixEIvLD5?amp=1",1
"Join 
@mvkaran
 tomorrow as he dives deep into Codespaces and how teams can make use of it for collaborative development Personal computer 

Limited spots available. Register Soon with rightwards arrow above  http://githubindia.com/workshops",1
"Take your ML skills to the next level with over 100 Keras code examples! Hundred points symbol

These workflows cover computer vision, natural language processing, and more! All created by the #Keras community.

Check it out ‚Üí http://keras.io/examples",1
"Terra is a programmable money for the internet that is easier to spend, and more attractive to hold.

Now hiring in Seoul and remote for the following role!

‚ö° Full-Stack/Back-end Engineer

Apply now https://cryptocurrencyjobs.co/engineering/terra-full-stack-back-end-engineer/",0
"This month‚Äôs Cook-Off is almost here: https://codechef.com/COOK133?utm_source=twitter&utm_medium=organic_social&utm_campaign=SeptCook&utm_content=post&utm_term=17-09, and it‚Äôs your chance to rank up & improve your skillset. So make sure to participate in the challenge on September 19th, 9:30 PM - 12:30 AM.

#coding #programming #contest #CodeChef",1
"My notes for getting into Blockchain Security, a thread ",1
"An AWESOME Thread ON OSCP...‚§µ
#cybersecurity #infosec  #oscp ",1
"List of Linux tools every Bug Bounty Hunter should learn:

curl , sed, grep, jq, cut, find, xargs, dig, ssh, awk and vim or nano.",1
"Dreamforce 2021 kicks off on September 21 with a roster of all-star speakers and inspiring business professionals. Red heart this tweet to keep up with all the action #DF21
https://www.salesforce.com/dreamforce/
",1
"ICYMI We're looking for a couple of Rust developers. Full time, fully remote, fully awesome.

Web, APIs, Serverless, CLI, WASM. Not crypto! üòùweworkremotely.com/listings/ocr-l...

Get in touch!#remotework #remotejobs #rust #rustlang",0
"Fuel is building the most scalable optimistic rollup in the world.

Now hiring remote!

‚ö° Senior Smart Contract Engineer (Solidity)
‚ö° Work at the bleeding edge of blockchain scalability R&D
‚ö° $270K‚Äì $350K

Apply now üëáhttps://cryptocurrencyjobs.co/engineering/fuel-senior-smart-contract-engineer-solidity/",0
"we wish u a merry christmas
we wish u a merry christmas
we wish u a merry christmas
we wish u a merry christmas

AND A HAPPY NEW YEAR!!!
",2
This. I recommend starting on TryHackMe (plenty of free resources but the sub is totally worth it) and once you're done with the Linux intro do the Bandit path on OverTheWire. This will not only be extremely valuable to your knowledge but also to your confidence. Let's get it!,1
.@Percona is hiring üëâ  Database Engineer - MySQL (Madrid) https://startup.jobs/database-engineer-mysql-remote-percona-2429207,0
"Calling all FREELANCERS..

Looking for a Freelance Project Manager - Design Agency. Remote working 
Start ASAP for about 6 months
Do get in touch",0
"Hey everyone ‚Äî if you are looking for a staff prospect researcher (in DC area), or remote, or just need some freelance prospect researching ‚Äî please reach out! References and redacted work sample available on request!",0
"Showtime is hiring!

Showtime is looking for a Senior Frontend Engineer (React) to join their talented team.

üíª Senior Frontend Engineer (React)
üåç San Francisco, Remote (US timezones)
üïí Full-Time

Apply now üëácryptocurrencyjobs.co/engineering/sh #blockchainjobs #cryptojobs",0
Got a new car from my first salary!!,2
"Join my #P99CONF presentation on Oct 6th to learn about:

- Go Profiling
- Go's unique runtime, calling convention
- Using eBPF with Go
- Why you should never use uretprobes with Go
- Using Linux perf with Go
- Go's builtin tracer
- How I managed to fit all of this in 20min",1
We are hiring for a Sr. Azure Engineer that could be fully remote. Check the posting üëâwww.trexsolutionsllc.com/current-opport #HIRINGNOW #hiring #microsftazure #cloudengineer #Job #USA,0
"HIRING: DevOps Engineer / Mountain View, California | Remote within the United States - https://devops-jobs.net/job/11536-devops-engineer/ #DevOps #Infrastructure #Automation #DevOpsJobs #Engineering #EngineeringJobs #CICD #techjobs #TechTalent #hiringnow #AWS #Chef #Docker #Kafka #Kubernetes #MySQL",0
"We're looking for talented PHP Software Engineers to join our fast-growing product development team, during this exciting period of global growth!

If you're looking for your next adventure within a remote & friendly team, we could be the company for youüëâ bit.ly/3C8UqBO

",0
"Spruce Technology is hiring: Remote - PHP WordPress Developer with strong experience on DevOps -...

Contract W2, 12 MonthsDepends on ExperienceJOB DESCRIPTION Title : PHP WordPress Developer with strong...www.remotetechjobs.com/*/74070#Remote #wordpress #Jobs",0
"[For hire] Web developer React .Js, Laravel, Angular Vue.js/ / Node.Js/PHP/Ruby on rails via ift.tt/2Xn82uo #remote #remotejs",0
"Do you know the difference between the HTML tags <span> and <div> ?? 

I'm here to help with a short thread!!",1
"Today we opened our first ever FREE in-school 
@TheGoodrCo
 grocery school in College Park, GA. Thanks to Hip-Hop Star 
@1GunnaGunna
 this store, built in his former middle school will serve 900 students and their families for years to come.... #DoGoodr",2
"Calling all space students! Public address loudspeaker Building a satellite? Register for our Academic Programme webinar to get free/discounted space software Right pointing backhand index https://brightascension.com/academic-programme-webinar-registration/?twclid=11438746362250625031

#spacesoftware #flightsoftware #satellites #cubesats",1
"Tokyo Olympics bronze medallist 
@BajrangPunia
 and his wrestler wife Sangeeta Phogat reached #Amethi in #UttarPradesh on Friday. 

BJP leader and former Gauriganj MLA Chandra Prakash Mishra 'Matiyari' 
@Matiyari_MLA
 hosting the athletes 

@manurag_tiwari
",2
"Beginners Guide to 0day/CVE AppSec Research blog is up! Walks through finding open-source web apps, environment setup, debugging for vulns, creating a Blind SQL time-based exploit, and publishing to 
@ExploitDB
 / MITRE CVE
Shoutout: 
@hyd3sec
 
@johnjhacking
https://t.co/xfx7AoBk99?amp=1",1
"Only one day to go for the #BiggBossOTT Grand Finale! Spiral calendar padAre you ready for the long awaited surprises for tomorrow? Star-struck

Join the last stream today on #BiggBossOTT 24x7 live channel! https://voot.onelink.me/eIb4/6b217460",2
"Watch #BiggBossOTT, streaming now on Voot!",2
"Register for ARTH 2.0 Today on http://righarth.com and Fastrack your computer science engineering careers!
Registration Closes on - 13th September 2021

Program Starting On - 15th September 2021
Online Training Schedule - 7:30 PM To 10:30 PM 
Contact Us - 8239318829",1
"Hiring: Go Engineer, remote &/or Bristol, building back-end solutions around data handling and service management for mobile telco's. c.¬£55-70k. Lots of autonomy, freedom in design and technology choice. Team has been formed around remote and asynchronous working.",0
"Remote American Sign Language Teacher - $50/hr
from MyWorkChoice#Teaching #Hiringhttps://zobjobs.com/job/myworkchoice-zobjobs-remote-american-sign-language-teacher-50-hr-in-usa",0
"Life is hard yet beautiful

So is JavaScript.",2
"Less than two weeks to go! Join us in Washington, DC for learning opportunities that take your organization's data, security, machine learning & much more to the next level.
No-cost registration: https://go.aws/3j5pHhp",1
"I built an attack matrix for #Office365 of various techniques used by (mostly) #APT groups to bypass #MFA, achieve persistence, impersonate users including ... 

> Malicious App Registrations
> Abuse of Service Principals
> API Bruteforce 
> Abuse of PTA 

https://bit.ly/2XnKju3",1
"Checkout API wordlist by 
@Yassineaboukir
. It's really nice, already added into my list. https://t.co/nDJGR4mMfw?amp=1",1
Enjoying the movie and pizza with friends.,2
"If you are running on a JVM then this webinar will explain what log management is all about and how it helps you achieve observability. https://bit.ly/2UtpPyJ?twclid=11438801758654910464 
#jvm #java #dev #devops",1
"Researchers have uncovered a #malware attack on the aviation industry that has gone unnoticed for nearly two years.

Read details: https://thehackernews.com/2021/09/malware-attack-on-aviation-sector.html

#infosec",1
"As #TokyoParalympics come to an end and we celebrate the winners, we must congratulate all participants who gave their best, even if they didn‚Äôt win a medal. 

India is about embracing everyone- those who win and those who don‚Äôt. It‚Äôs your hard work and intentions that matter.",2
"Was happy to speak with my friend 
@ScottMorrisonMP
.  We reviewed the rapid progress in the India-Australia Comprehensive Strategic Partnership, including through the recent 2+2 Dialogue.  We also exchanged perspectives on regional developments and the forthcoming Quad meeting.",2
"Congratulations to Bhupendra on taking oath as CM of Gujarat. I have known him for years and have seen his exemplary work, be it in the BJP Organisation or in civic administration and community service. He will certainly enrich Gujarat‚Äôs growth trajectory. 
@Bhupendrapbjp",2
"Grafana Labs helps you understand all of your metrics with dashboards that are easy to create and share.

Now hiring remote!

‚ö°Ô∏è Frontend Engineer
‚ö°Ô∏è Python Backend Engineer - Cloud
‚ö°Ô∏è Sr Software Engineer

Apply now üëánodesk.co/remote-compani...#remotework #remotejobs",0
"Hey everyone, we're looking for an Automation DBA in the Operations team. PostgreSQL + Ansible + Python is the sweet spot, but don't hesitate to apply if you're great at one and willing to grow into the other. PDT, remote or not, great team and benefits.jobs.lever.co/everbridge/992...",0
We're hiring (remote or onsite) a Program Manager on the Salesforce Research & Insights Operations team! Check out the job description and apply today!  salesforce.smh.re/xTA,0
".@gong_io is hiring remote!

Gong's got an exciting opportunity for a Senior User Researcher to join their talented team.

Apply now üëánodesk.co/remote-jobs/go...#remotework #remotejobs",0
"Ohmigods, pls for the love of anything dear to you, never put a myna bird against your skin: they‚Äôre carriers of parasites, mites and avian disease. There‚Äôs a reason ppl who trap them wear gloves when touching them",2
Happy Sunday folks!!,2
"Announcing Public address our GitHub Learning Series for India‚Äôs developer community. Bookmark our workshops page and register for sessions you are interested in  https://githubindia.com/workshops , Codespaces, Actions and many more topics ‚Ä¶.",1
"In place of HackHarvard 2020, we're so excited to be hosting the massive, ultimate virtual hackathon 
@ivyhackathon
 with other amazing schools. 

Apply now at http://ivyhacks.com and subscribe to our newsletter at https://ivyhackathon.substack.com!",1
Delicious brownies,2
"Another simple way to check iOS devices for signs of CVE-2021-30860  / FORCEDENTRY exploitation. Run MVT, then simply: 

cat timeline.csv | grep ""Library/SMS/Attachments"" | grep -i ""\.gif""

#nso #pegasus #malware #ios (thanks 
@DonnchaC
 for the tip!)",1
Cloud misconfigurations are causing major security headaches https://t.co/88aoNuc4mP?amp=1,1
Pics from liftoff of the @Inspiration4x  mission,2
I am thrilled to announce that I will be joining xyz as a Software Engineer. Excited for this new beginning! ,2
Enjoying weekend in Vegas!!,2
"It is one of the greatest writeups I read to find bugs

How I Found Multiple Bugs On FaceBook In 1 Month And a Part For My Methodology & Tools by 
@GodfatherOrwa https://t.co/aDCZpTlK7P?amp=1",1
"Top 20 JavaScript array methods every JS beginner should know!!

A thread",1
"It's ok if you totally suck at a particular area of tech. You don't need to be great at everything. Just try to excel in a few things and be the go to person for that stuff and you'll be very valuable to your team. 
I suck at wireless networking, but great at wired networking.",2
"Inspires others, by being better than you were yesterday!
#motivation",2
"I put together a quick video on ""Why 
@FluxML
"" for Machine Learning: https://youtu.be/g_qstKogPYw

It is not perfect, but it was a lot of fun to make. #JuliaLang #FluxML #MachineLearning",1
My blog post on Cloud Computing: https://qwer,1
"Calling all beginner coders: Join us for Local Hack Day: Learn! We promise that there is plenty for you to do, learn, and enjoy. Whether you've never written code before or you are still getting your footing, we have activities for you. Sign up now https://organize.mlh.io/participants/events/7190-local-hack-day-learn-2022",1
What kind of swag do you want to see at hackathons? We are loving our @capitalone face masks ,2
"Messari  is looking for a Backend Engineer 

 Location:  Remote - US 
 Apply here!jobs.lever.co/messari/f9a578...

",0
"10 FREE Udemy courses!

They are gonna be free for a day or two so grab them before the promotions run out!

All of the courses have at least 4!

This week: JavaScript, React, CSS, Python, Data Science, API Scraping, PostgreSQL, Machine Learning, AI, etc.

Small thread",1
"The #hacktivitycon2021 CTF is still going strong with up to $5,000 in cash prizes. Join the fun and conversation on Discord https://discord.com/invite/6FTzDFXZDE
",1
"Want to work at Ryder? We're hiring in #Bloomfield, CT! Click for details: https://bit.ly/3zvk0iZ #Transportation",0
"Linux Strength Training - I have just completed this room! Check it out:  https://tryhackme.com/room/linuxstrengthtraining #tryhackme #linux basics #command line #analysis #find #information gathering #mysql #gpg #linuxstrengthtraining via 
@realtryhackme",1
"Real-life is always different from social media life. No one knows wht is going on in the head. Believe me, u r going to be ok. Jst don't let ppl social engineer you for their gain. Try sharing your daily hacking achievements. And you will hv good companions. Blue heart #infosec",2
"GitOps manifests are still too complex for everyone to understand. On Sept. 30 at 9:00 am ET, 
@vfarcic
 of 
@upbound_io
 will show you how to implement #GitOps without making developers go crazy. Register now: https://bit.ly/2Z9L9vd #DevOpsWorld",1
"Man, you mention #SBOMs anywhere and people be like",2
"Here‚Äôs my setup!
So happy with how it turned out!",2
I am moving to Chicago for my Masters.,2
"#hacktivitycon2021 CTF is ONLINE! The game begins with some simple warmups to help beginner players get some wind behind them and feel good about trying challenges -- so why not start with a little bit of Target Practice? :) https://ctf.hacktivitycon.com
",1
The sunset of Goa,2
"If you work with Go, you should bookmark this page. The Busy Developers's Guide to Go Profiling, Tracing and Observability https://t.co/OeNvaTobV5?amp=1
 ",1
"We are already so excited about #HackThisFall 2.0 

This time it's going to be more Inclusive, Innovative, & Impeccable
We have so much in store for all which you can't miss!

So what are you waiting for?? Register now at http://hackthisfall.devpost.com 

Retweet for reach!",1
"Want to learn how to build your first NFT application ???
Want to know about Blockchain ?? 

Join us at https://youtube.com/watch?v=MLL9VyfXTLc    
",1
"@DeanTribble
 is LIVE for our next session at 
@hackthisfall
! See how Agoric merges decentralized finance and #JavaScript smart contracts to enable 10M+ developers across the globe to build fast, earn fast

Join live: https://youtu.be/MLL9VyfXTLc",1
I spent a few years learning Containers and here is my recipe for grasping the domain,1
Is it possible to do compile-time validation of literal strings?,1
Best practices for monitoring Jenkins using Prometheus/Grafana,1
"My team is hiring! 

We are looking for a Senior Software Engineer in Productivity Engineering to help build infrastructure and tooling to empower engineers across Netflix https://t.co/TO7xszCiHE?amp=1 ",0
"When 
@Zoho
 asked us to help optimize #MySQL, we identified edge cases that were impacting performance and helped refine and tune queries to improve #database performance across the board. Find out how here https://t.co/zijCWvX05m?twclid=11438966726754926593&amp=1",1
"Hunting nonce-based CSP bypasses with dynamic analysis by 
@garethheyes https://t.co/AHYE0U5VnN?amp=1
",1
I published an article about remote code execution in cdnjs that could allow tampering of 12.7% of all websites on the internet. https://t.co/wESHeM7iVg?amp=1,1
"The XSS cheat sheet is constantly evolving and has had some great contributions from the community. Including the vector: XSS cookie exfiltration without parentheses, backticks or quotes. https://t.co/wwDefMarwE?amp=1",1
"My latest research: Pop-Ups in a good-world

The research show some tricks to upgrade your self-xss to a good-xss and also another tricks (I also added some 
@SecurityMB
 tricks with other contexts in this research).

https://gccybermonks.com/posts/popups/

#bugbountytips  #xss",1
"Did you know that integer overflow could lead to HTTP request smuggling? 

Details are in these  #BugBytes, in addition to 
@fransrosen
's tale of hacking Apple and 
@HolyBugx
's cool roadmap for Web app hackers https://t.co/oWtmM6jIrI?amp=1",1
"so so excited to now be a part of the Samsung galaxy family 

go on ‚Ä¶ unfold your world.. will you flip or fold? 

#UnfoldYourWorld 
@SamsungIndia
 
#ad #TeamGalaxy",2
"Congratulations on celebrating 25 years to 
@Bhansali_Prod
. Sanjay Sir has single handedly given Hindi cinema a genre that‚Äôs exclusively his. Happy to have been a small part of this incredible legacy. Here‚Äôs to more magic",2
"NEW episode of Topcoder Nation Show 9 dropping on Sept. 23, 2021 10:00 UTC-4!

Featuring some of our top talent, this is an AMA you won't want to miss.

Register: https://us02web.zoom.us/webinar/register/WN_NZAfgtzZQPSEfhwrVHnVqg
",1
Day 29 of #100DaysofCodewithHackerrank brings a Towards Data Science podcast episode reviewing the progress of AI in 2021 so far!,1
We're apologize for the recent inconvenience on server instability!,2
"Ready to learn about application security in the cloud? Join 
@Pankajmouriya_
 next weekend at #HacktivityCon2021 during RTV Track Two! RSVP at http://hacktivitycon.com now! ",1
"Great write up by 
@AIgenerated1
, Thanks for playing in the #Defcon 
@RedTeamVillage_
 #CTF and congratulations again for taking first place!
https://t.co/sIwtTkites?amp=1",1
"Played this in the 
@defcon
 
@RedTeamVillage_
  competition. Definitely high quality stuff. 

I think anyone looking to practice penetrating methodology, especially if they are just starting out, should give it a try.",1
"One of the badass Ninjas (
@bigb0ss___
 ), I get to work with came up with a great tool and article about device phishing. Checkout it out: https://github.com/optiv/Microsoft365_devicePhish
",1
"Great article that has some more valuable information on Michael K. Williams' charity work and celebrity status in his own community.

https://curbed.com/amp/2021/09/michael-k-williams-vanderveer-estates-hero.html",2
"shopify is hiring data science interns again for winter 2022!

https://www.shopify.ca/careers/data-science-intern-remote-winter-2022-4475e105",0
"We're looking for a few super‚≠êÔ∏è interns to help us power generosity throughout the world! To learn more and apply, click the links below. 
General Intern (LA-based): https://apply.workable.com/pledge/j/916CEA02C8/
Marketing Intern (Remote): https://apply.workable.com/pledge/j/B547A97AF1/",0
"We're hiring! We're looking for an exceptional intern to help our team develop the next generation of tech platforms to power the public sector. The position is paid & fully remote. Apply here: 
https://newamerica.applytojob.com/apply/C8yQCFMP2L/",0
"Equality, Diversity and Inclusion *1 YEAR INTERNSHIP with The Wildlife Trusts. Flexible with remote working, TWT are looking for a passionate individual interested in working in Comms, HR, Education, Policy and Campaigning. More info here: buff.ly/38Py1gn #internship ",0
"@SharkCleaning is growing!  Hiring a Brand Marketing Intern/Co-op - January - June 2022 (remote) 
https://startup.jobs/brand-marketing-intern-co-op-january-june-2022-sharkninja-2433991",0
"If any of our #techcomm students are looking for a remote internship in summer 2022, they should check out this medical writing opportunity in big pharma. See 
https://lnkd.in/eE7DC-qq",0
"Kinaxis is looking for an Industry and Solutions Marketing Co-Op/Intern (remote)
https://startup.jobs/industry-and-solutions-marketing-co-op-intern-kinaxis-2425492",0
"Digital Content Intern (Remote) | Walker Sands
https://www.walkersands.com/about/careers/open-positions/digital-content-intern-remote/",0
"@AnimalzCo
Fully remote content marketing agency
-Hiring worldwide
-Flexible Schedules
-Health insurance & wellness stipends
-Positions include: Content Marketing Manager, Content Marketing Editor, Content Marketing Intern & more
https://www.animalz.co/join-us/",0
"HIRING: Data Analyst Intern. remote
https://ai-jobs.net/job/9503-data-analyst-intern/",0
"Center Centre ‚Äì UIE is looking for our next marketing and communications intern to drive marketing and content efforts.

The six-month internship is full-time, paid, and fully remote
https://www.uie.com/marketing-intern-application/",0
"VidMob is looking for a Marketing Intern - Video Art Director (remote) 
https://startup.jobs/marketing-intern-video-art-director-vidmob-2421328",0
"INTERNSHIP OPPORTUNITY:@BroccoliCity is hiring PAID in-person and remote interns! (must be in the DMV)

You can gain experience in areas such as: Event Production, Marketing, Graphic Design, PR, Technical Skills, and more! 

Application at www.BroccoliCity.com ",0
"HIRING: Internship (Data Engineering) - UK, Remote / London, England, United Kingdom -
https://ai-jobs.net/job/9455-internship-data-engineering-uk-remote/",0
"HackerRank is hiring a remote Content Marketing Intern
https://himalayas.app/companies/hackerrank/jobs/content-marketing-intern",0
"We are looking for a Software Developer to build and implement functional programs.

Remote Software Developer (Intern), with competitive compensation
https://functional.works-hub.com/jobs/software-developer-remote-interns-79a?utm_source=twitter&utm_medium=automation&utm_campaign=functionaltwitter&utm_content=s-79a-v1-0646UTC",0
"HackerRank is hiring a remote Visual Design and Brand Marketing Intern
https://himalayas.app/companies/hackerrank/jobs/visual-design-and-brand-marketing-intern",0
"Hackerrank is hiring a Visual Design and Brand Marketing Intern
https://startup.jobs/visual-design-and-brand-marketing-intern-hackerrank-2412432",0
"Netflix is hiring a Software Engineer Intern, Marketing Planning
https://startup.jobs/software-engineer-intern-marketing-planning-distribution-engineering-netflix-2414878
",0
"New Remote job, Contra is hiring a Community Intern 
https://remotive.io/remote-jobs/marketing/community-intern-879283",0
"New #remote #job Data Engineer at 
@wikipedia
https://wantremote.com/job/15238#1631929503",0
"New #remote #job Staff, Software Engineer (L4) at 
@twilio
https://wantremote.com/job/15237#1631927704",0
"New #remote #job Software Engineer (L3) at 
@twilio
https://wantremote.com/job/15236#1631925904",0
"ew #remote #job Software Engineer - Full Stack: Segment Digital Team (L3) at 
@twilio
https://wantremote.com/job/15234#1631922303",0
"New #remote #job Software Engineer-Backend, Global Infrastructure at 
@twilio
https://wantremote.com/job/14464#1631916903",0
"New #remote #job QA Engineer at 
@Articulate
https://wantremote.com/job/13778#1631913303",0
"New #remote #job Data Engineer at 
@wikipedia
https://wantremote.com/job/15238#1631929503",0
"New #remote #job Sales Intern at 
@fleetio
https://wantremote.com/job/15228#1631904304",0
"New #remote #job Product Manager (Remote) at 
@fleetio
https://wantremote.com/job/15227#1631902503",0
"New #remote #job Staff Business Intelligence Analyst at 
@firefox
https://wantremote.com/job/15226#1631900702",0
"New #remote #job Sales Consultant (8am-4pm EST) at 
@stickermule
https://wantremote.com/job/1139#1631897102",0
"New #remote #job Paralegal (Product and Privacy) at 
@gitlab
https://wantremote.com/job/15219#1631884503",0
"New #remote #job IT Helpdesk Analyst at 
@gitlab
https://wantremote.com/job/15218#1631882702",0
"Intern in #javascript and #ajax
https://www.techjob.app/jobs/de3c1086-8b35-458f-bac5-447b79fa0184",0
"We're looking for 4 more #writers with passion for #gaming, #anime, #comics, and #vtubing! üî•
Remote | Part-time | Entry-level
DM or email us! 
writing@informedpixel.com",0
"Back End Developers needed for PHP website ift.tt/3hHGOFR we are looking for a junior PHP developer to join our
 remote team.
 this is a 100% remote, part-time position with GITHUB/HTML/CSS/PHP We are looking for talented back-end developer
 https://www.freelancer.com/projects/php/Back-End-Developers-needed-for-31525632/?ngsw-bypass=&w=f",0
"Baeldung is hiring remotely for a Linux Developer To Work on Articles (remote, part-time).
https://dailyremote.com/remote-job/linux-developer-to-work-on-articles-remote-part-time-875380",0
"We‚Äôre looking for part-time remote contractors to help us update The PM PrepCast!
Apply here: www.surveymonkey.com/r/5SLC839",0
How do you make friends after graduating I have literally no clue,2
"Giveaway timeeeee

Learn burp suite with my guide and up your hacking game <3 I go deeper than most guides and give you practical tips coming straight from my pentesting/bounties

https://udemy.com/course/burp-suite-in-depth-survival-guide/?couponCode=B7FA6BEE970545AB27A0

Feel free to share with anyone that can use it :) <3",1
"Day 1 of #100DaysOfHacking 
Keycap digit one Pwned ""Katana"" from 
@VulnHub
 hosted on 
@offsectraining
 Proving Grounds
Here is the write-up :
https://blog.vincida.me/posts/Offsec-PG-KATANA/
Keycap digit two Completed ""Burp Suite : The Basics"" on 
@RealTryHackMe
 
Keycap digit three Read ""SSRF : Guide"" a blog by 
@RitikSahni22 https://t.co/B8MqPcXDxW?amp=1",1
"Tomorrow's  
@Hacker0x01
   #Hacktivitycon2021 
@RedTeamVillage_
 Track #2 schedule
https://redteamvillage.io/schedule
#CyberSecurity #BugBounty",1
U.S. resumes talks with #Huawei CFO on resolving criminal charges,2
"Got a 100$ bounty today. 

Thanks to all the pro players who inspire me daily to do more. ",2
"My friends, depression is a real thing, and it's real bad. 
There are instances that help people who feel sad through anonymous chats. If you feel sad and you feel like you can't take it anymore ... please get help <3 There is no shame in that. Much love and stay strong",2
"Introduction to Docker Hacking by 
@NahamSec
. Loved watching it!

https://youtu.be/XiLfEU9wK-w

#infosec #cybersecurity #bugbounty ",1
"#Learn365 Day-261: A different way to attack certain reverse proxies

Blog: https://t.co/5Xa49kjExe?amp=1",1
See more information on the Microsoft OMI CVEs in the MSRC blog post: https://msrc-blog.microsoft.com/2021/09/16/additional-guidance-regarding-omi-vulnerabilities-within-azure-vm-management-extensions/,1
"If you're interested in working on some of the coolest investigations, highly encourage checking out Graphika's opportunities. Also cannot recommend the people enough. https://twitter.com/Graphika_NYC/status/1438956572064067584/photo/1",0
"I will be speaking at 
@TensorFlow
 Everywhere Sydney hosted by TFUG Sydney on an introduction on TensorFlow.JS.

TensorFlow Everywhere is a series of global events led by TensorFlow and machine learning communities around the world. 

#MadeWithTFJS #TFEverywhere2021 #TensorFlowJS",1
"So you want to perform #SuperResolution in #JavaScript with #TensorFlowJS? Check out this amazing #MadeWithTFJS writeup that shows you how to do just that. By Kevin Scott who made #UpscalerJS. Read: https://buff.ly/3Ck7Uuu

#Enhance #Upscale #WebDev #CreativeCoding #JS #ML #AI",1
"Two of my favorite people!

Be sure to check out 
@BekahHW
 and 
@jlengstorf
 next Friday!  Add to your calendar.

If you have never experienced a ""Learn with Jason"" livestream, this is the one you should attend.

#MadeWithTFJS #TensorFlowJS #WebDev",1
"Who is on #Discord + wants to be social? Join the #MadeWithTFJS server to find like minded folk to hack with, keep up to date, or share cool #TensorFlowJS resources + projects you've found / created https://buff.ly/3lghXKd

#JavaScript #JS #WebDev #AI #ML #CreativeCoding",1
"Loving #Scrimba - may have to add TensorFlow.js tutorials on there! It's like watching video except its a live editor with audio commentary so you can pause, edit the code, and try stuff out. Really neat. Consider using it for your next coding tutorial! https://buff.ly/3mcpj3C",1
"A high-severity remote code execution #vulnerability (CVE-2021-23406) has been identified in Pac-Resolver, a popular NPC package with about 3 million weekly downloads, affecting Node.js applications.

Read: https://thehackernews.com/2021/09/critical-bug-reported-in-npm-package.html

#infosec #cybersecurity #hacking",1
"Cloud security is in focus like never before. Here's a look at some encryption best practices in that specific context. 

https://bit.ly/38n8ACz

#cloud #cloudsecurity #encryption #bestpractices
",1
Mass exploitation of Atlassian Confluence CVE-2021-26084 is ongoing and expected to accelerate. Please patch immediately if you haven‚Äôt already‚Äî this cannot wait until after the weekend.,1
"Network Basics for Hackers

Understand the basics of network protocols from the hacker perspective!

 #networkbasics #cybersecurity #infosec #cyberwarrior

http://bit.ly/2TLEuiW",1
"Free Malware Analysis & Reverse Engineering Training. #CyberSecurity 
 https://freetraining.dfirdiva.com/free-malware-analysis-re-training via 
@DFIRDiva https://t.co/z0oXPAOr0K?amp=1",1
"You need to get a subscription to 
@PentesterLab
 the content and labs alone are worth it, the stickers are just a real nice bonus",1
"An End-to-End Transformer Model for 3D Object Detection
pdf: https://arxiv.org/pdf/2109.08141.pdf
abs: https://arxiv.org/abs/2109.08141
github: https://github.com/facebookresearch/3detr",1
"WarpDrive: Extremely Fast End-to-End Deep Multi-Agent Reinforcement Learning on a GPU
pdf: https://arxiv.org/pdf/2108.13976.pdf
abs: https://arxiv.org/abs/2108.13976
",1
"Learning to Navigate Sidewalks in Outdoor Environments
pdf: https://arxiv.org/pdf/2109.05603.pdf
abs: https://arxiv.org/abs/2109.05603
project page: https://initmaks.com/navigation
",1
"Shodan Dojo

9 katas (exercise sequences) for learning the basics of Shodan search query syntax

https://github.com/ninoseki/shodan-dojo

@ninoseku 
@shodanhq",1
"I have multiple Ph.D. positions in my robotics lab 
@PurdueCS
  starting Jan/Aug 2022 in the area combining robot control, machine learning, and computer vision. If you are interested, please reach out to me by filling out this form (https://docs.google.com/forms/d/e/1FAIpQLSeq_yN58oOFeWIsxrVfBVMDCkjhBoiHNFs0MeHBe_lW356-Hg/viewform) asap.
#Robotics #Jobs",0
"Loving this Keychron K1 low profile mech keyboard How‚Äôs your setup? @KeychronMK
 #webdev #webdeveloper #techlover #java #javascript #typescript #100DaysOfCode #DEVCommunity #programming",2
"A new opportunity by IIEC RISE for free - Specialist in Python mentored by Mr. Vimal Daga
*Detailed Content
https://lnkd.in/eqGYtBm
*Registration Link
https://lnkd.in/eqGYtBm
*Refrence Name: Sakshi Goel

#iiec #IIEC_Connect #righteducation #worldrecordholder #vimaldaga",1
"I started publicising some notes. I will populate it a lot more over the coming days!

#ios #bugbounty #hacking https://t.co/sHUKD3XXpb?amp=1",1
"The Sensory Neuron as a Transformer: Permutation-Invariant Neural Networks for RL
by 
@yujin_tang
 
@hardmaru
 

Highlighted paper

https://github.com/labmlai/annotated_deep_learning_paper_implementations/blob/master/papers/2109.02869.pdf

An attention mechanism combines individual sensory NNs. The RL agents work even when the sensors are shuffled or dropped.",1
"HOODIES! (and many more goodies) are up! These will all close 9/21! 

I hope you're as excited as I am :'-) ",2
"Breaking News: Myntra's Biggest Fashion Festival is Coming Soon! With 1.3 Lac styles at Minimum 70% off & 2000+ Brands at Minimum 50% off, get your hands on the best of Festive Fashion at 50% to 80% off.
#WaitForMyntraBFF #WorthTheWait #MyntraBIGFashionFestival",2
"Our 2021 ""Toys We Love"" list is here, longer than ever, and includes family-friendly items you can only find in our store. https://amzn.to/3nseevR",2
"Amazon Prime ‚Äì your official hub for all the things:
 
Package Fast, free delivery on millions of items Streaming movies, TV, and more with 
@PrimeVideo

Monthly free games and in-game content with 
@PrimeGaming

All your favorite jams on 
@AmazonMusic",2
"This is true not just technically, but also legally. #BloodHound is free and open source software, licensed under GPLv3 - you can build a service line around it *for free*. Some write-ups to help you do that here:

https://posts.specterops.io/visualizing-bloodhound-data-with-powerbi-part-1-ba8ea4908422
https://posts.specterops.io/bloodhound-versus-ransomware-a-defenders-guide-28147dedb73b",1
"Programming for Everybody (Getting Started with Python)
https://www.edx.org/course/programming-for-everybody-getting-started-with-pyt",1
"Programming Basics
Learn basic computer programming skills and master the art of writing C/C++ programs to solve real world problems.
https://www.edx.org/course/programming-basics",1
"The equation that encapsulates everything we know about particle physics
",1
finding good ML portfolio ideas is hard. try emailing ten ML engineers at startups you respect and ask for a few industry problems to solve. you‚Äôll end up with a unique portfolio and might land a job in the process,1
"CS50's Introduction to Computer Science
An introduction to the intellectual enterprises of computer science and the art of programming.
https://www.edx.org/course/introduction-computer-science-harvardx-cs50x",1
"Object-Oriented Programming
Learn the principles of programming for building large and extensible systems.
https://www.edx.org/course/object-oriented-programming",1
"Introduction to Java Programming: Writing Good Code
Learn to program in an easy and interactive way and enter the fascinating world of computer science.
https://www.edx.org/course/introduction-to-java-programming-writing-good-code",1
"Introduction to Java Programming: Fundamental Data Structures and Algorithms
Learn to enhance your code by using fundamental data structures and powerful algorithms in Java.
https://www.edx.org/course/introduction-to-java-programming-fundamental-data",1
"Scripting with Python
Explore fundamental programming with hands-on activities that help you build applications using Python.
https://www.edx.org/course/scripting-with-python",1
"GraphQL Pentesting Resources:
(1/2)
Blog:
https://payatu.com/blog/manmeet/graphql-exploitation-part-1
https://payatu.com/blog/manmeet/graphql-exploitation-part-2
https://payatu.com/blog/manmeet/graphql-exploitation-part-3
https://payatu.com/blog/manmeet/graphql-exploitation-part-4
https://book.hacktricks.xyz/pentesting/pentesting-web/graphql
https://cheatsheetseries.owasp.org/cheatsheets/GraphQL_Cheat_Sheet.html
https://blog.yeswehack.com/yeswerhackers/how-exploit-graphql-endpoint-bug-bounty/
https://howtographql.com/advanced/4-security/
https://labs.detectify.com/2018/03/14/graphql-abuse/
#bugbounty #infosec",1
"Architecting with Google Kubernetes Engine Specialization
https://www.coursera.org/specializations/architecting-google-kubernetes-engine",1
"The game is simple: if you win, the money is all yours. If you lose, you die. Will you play? 

Squid Game is like Battle Royale meets Black Mirror ‚Äî and it's now on Netflix",2
Can't stop staring at these ~killer~ You Season 3 posters,2
one of rachel green‚Äôs prettiest hairstyle,2
Players share quarantine photos as the teams get together for IPL 2021 in UAE,2
"Full-Stack Web Development with React Specialization
https://www.coursera.org/specializations/full-stack-react",1
"Front-End Web Development with React
https://www.coursera.org/learn/front-end-react",1
"Server-side Development with NodeJS, Express and MongoDB
https://www.coursera.org/learn/server-side-nodejs",1
"The Bits and Bytes of Computer Networking
https://www.coursera.org/learn/computer-networking",1
"Google IT Support Professional Certificate
https://www.coursera.org/professional-certificates/google-it-support",1
"Why not try something new today? Explore fraud detection with the #PaySim data set, using a #graphdatabase. Easy to get started, friendly step-by-step guide, all free and no download required!  #Neo4j #FraudDetection #learning",1
Hunting for OMI Vulnerability Exploitation with Azure Sentinel - Microsoft Tech Community #MSTIC #AzureSentinel https://t.co/s2Jd5ZestG?amp=1,1
"Introduction to TCP/IP
https://www.coursera.org/learn/tcpip",1
"Fundamentals of Network Communication
https://www.coursera.org/learn/fundamentals-network-communications",1
"Evading AV: Using OWASP-ZSC to Evade AV Detection #owaspzsc #evadingAV #cybersecurity #cyberwarrior

https://hackers-arise.com/post/2017/05/03/How-to-Evade-AV-with-OWASP-ZSC-Part-1",1
"RFCs to understand JSON,JWT,SAML,0Auth indepth

https://datatracker.ietf.org/doc/html/rfc7519
https://datatracker.ietf.org/doc/html/rfc7159
https://datatracker.ietf.org/doc/html/rfc7522
https://datatracker.ietf.org/doc/html/rfc6749

@TodayCyberNews


#bugbounty #bugbountytips #cybersecurity #infosec",1
"Modern Application Development with Node.js on AWS Specialization
https://www.coursera.org/specializations/aws-nodejs-serverless-development",1
Four amateur astronauts return to Earth after three days in orbit,2
French minister condemns US and Australia 'lies' over Aukus security pact https://t.co/rnZwhvmFru?amp=1,2
"HTML, CSS, and Javascript for Web Developers
https://www.coursera.org/learn/html-css-javascript-for-web-developers",1
"Developing Cloud Apps with Node.js and React
https://www.coursera.org/learn/node-js",1
Canada election: Why it‚Äôs easier to vote in Canada than the US https://t.co/WqYjEYUoGW?amp=1,2
"Open Source Software Development, Linux and Git Specialization
Learn How To Develop Open Source Software. Get the skills and knowledge you need to develop open source software using Linux, git, and more!
https://www.coursera.org/specializations/oss-development-linux-git",1
"Why it takes 30 years to buy a house in Canada

https://bbc.in/3AnXud1",2
"Fundamentals of Red Hat Enterprise Linux
https://www.coursera.org/learn/fundamentals-of-red-hat-enterprise-linux",1
Girls excluded as Afghanistan secondary schools reopen,2
"Google Project Management: Professional Certificate
https://www.coursera.org/professional-certificates/google-project-management",1
"Agile Project Management
https://www.coursera.org/learn/agile-project-management",1
"Agile with Atlassian Jira
https://www.coursera.org/learn/agile-atlassian-jira",1
German elections: How Angela Merkel changed her country https://t.co/ikNKCoZeYs?amp=1,2
"Agile Development Specialization
Drive to Value with Agile Methods . Master an adaptive approach to product development
https://www.coursera.org/specializations/agile-development",1
"Modern JavaScript: ES6 Basics
https://www.coursera.org/projects/modern-javascript-es6-basics",1
"Over time, I have received several gifts and mementos which are being auctioned. This includes the special mementos given by our Olympics heroes. Do take part in the auction. The proceeds would go to the Namami Gange initiative.

https://pmmementos.gov.in",2
"Linux Server Management and Security
https://www.coursera.org/learn/linux-server-management-security",1
"In addition to COVID-19 vaccination, the Goa Government has made many efforts to further 'Ease of Living.'",2
"Building Scalable Java Microservices with Spring Boot and Spring Cloud
https://www.coursera.org/learn/google-cloud-java-spring",1
"It was a delight to interact with Sumera Ji, who shared her vaccination experience. Wishing her the best for her future endeavours.
",2
"We are very proud to run the third edition of the CTF For Girl in #Singapore ! We have wonderful prizes, and we are looking forward to celebrating all the girls that are participating.",1
"We are super excited to be sponsoring 
@ConDaysEU
 2021! Come join us on 21st Sept, we look forward to interacting with you 

Event link: https://civo.io/3hzCIQc ",1
"Blockchain Specialization
Innovate with the Next Frontier in Technology. Learn how the blockchain is leading to a paradigm shift in decentralized application programming
https://www.coursera.org/specializations/blockchain",1
"All researchers have heard of Google Dorks, but much less well known are the dorks for #Github, #Shodan, #DuckDuckGo, #Bing, #VirusTotal...

Here is my small collection with links to a list of dorks for various search tools.

https://github.com/cipher387/Dorks-collections-list/

#osint",1
"I LOVE this write-up about hacking a hotel router with just a freaking phone! Definitely learned some new tricks :o 
https://medium.com/geekculture/how-i-hacked-a-hotel-just-using-my-phone-97f4d2de39ca

@c0d3x27
 Great job!!",1
"One of the coolest tutorials on using the #commandline (95K stars on #Github)

Master all the most important things in one evening.

Translated into 18 languages, including Japanese and Russian

https://github.com/jlevy/the-art-of-command-line

Author 
@ojoshe",1
"Bitcoin and Cryptocurrency Technologies
https://www.coursera.org/learn/cryptocurrency",1
"Blockchain Revolution Specialization
https://www.coursera.org/specializations/blockchain-revolution-enterprise",1
"Building Web Applications in PHP
https://www.coursera.org/learn/web-applications-php",1
"Web Applications for Everybody Specialization
https://www.coursera.org/specializations/web-applications",1
"My Ansible and Terraform tooling in one docker image.
https://github.com/bluxmit/alnoda-workspaces/tree/main/workspaces/ansible-terraform-workspace",1
"Optimizing Kafka Performance
granulate.io/optimi...",1
"Building a Dynamic Web App using PHP & MySQL
https://www.coursera.org/projects/dynamic-web-app-php-mysql",1
"Spring MVC, Spring Boot and Rest Controllers
https://www.coursera.org/learn/spring-mvc-rest-controller",1
"A simple ray tracer written in Scala (in-progress)
github.com/melvic..",1
"AI research papers explainer channel.
Hi, I have started a youtube channel where I would provide some explainer on the latest AI research papers as I have happened to read a lot of them.
If you have any suggestions, comments, or anything, do let me know.
Your opinion would be highly valuable :)
Channel: https://www.youtube.com/channel/UCYEXrPn4gP9RbaSzZvxX6MA",1
"Cybersecurity Specialization
Cybersecurity Fundamentals. Construction of Secure Systems
https://www.coursera.org/specializations/cyber-security

",1
"Introduction to Blockchain Technologies
https://www.coursera.org/learn/introduction-blockchain-technologies",1
"Blockchain Basics
https://www.coursera.org/learn/blockchain-basics",1
"Software development in containers ‚Äî a cookbook
Are you thinking of containerizing your app? I've put together a guide that will help you hit the ground running. Friend link to Medium (no paywall):

https://itnext.io/software-development-in-containers-a-cookbook-2ba14d07e535?source=friends_link&sk=1b160f5626c116d4bf69c86d4fab48e1",1
"Django for Everybody Specialization
https://www.coursera.org/specializations/django",1
"Introduction to Structured Query Language (SQL)
https://www.coursera.org/learn/intro-sql",1
"Build a Facebook Clone with PHP
https://www.coursera.org/projects/build-facebook-clone-php",1
"Building Database Applications in PHP
https://www.coursera.org/learn/database-applications-php",1
Deep dive: VQGAN+CLIP Animation using panning. Links to Colab notebooks for creating similar animations in comments.,1
"Build a Full Website using WordPress
https://www.coursera.org/projects/build-a-full-website-using-wordpress",1
"Functional Programming in Scala Specialization
https://www.coursera.org/specializations/scala",1
"GitOps tools in comparison
If you want to switch from classic CI/CD environments to GitOps, then you can choose from any of a large number of available tools. However, it is not always easy to tell which features they support and how suitable they are for your project at first glance. This article provides help in making a decision.

https://cloudogu.com/en/blog/gitops-tools",1
"Functional Programming Principles in Scala
https://www.coursera.org/learn/scala-functional-programming",1
"Big Data Analysis with Scala and Spark
https://www.coursera.org/learn/scala-spark-big-data",1
"Building Cloud Computing Solutions at Scale Specialization
https://www.coursera.org/specializations/building-cloud-computing-solutions-at-scale",1
All white setup,2
"Mathematics for Machine Learning Specialization
https://www.coursera.org/specializations/mathematics-machine-learning",1
"Deep Learning Specialization
Become a Machine Learning expert. Master the fundamentals of deep learning and break into AI.
https://www.coursera.org/specializations/deep-learning",1
"Google Data Analytics Professional Certificate
https://www.coursera.org/professional-certificates/google-data-analytics",1
"Continuous Delivery & DevOps
https://www.coursera.org/learn/uva-darden-continous-delivery-devops",1
Looking for parttime remote Software Testing (automation and manual )  #dev #testing #teaching #jobhunt #automation #startup #freelance #HelpUsHelpYou #Entrepreneurship #Europe #jobsearch,0
"Whether you smoke it, vape it or eat it as an edible, cannabis may be significantly increasing your risk of a heart attack. https://t.co/6Cmf9jYT6D?amp=1",2
"Algorithms, Part I
https://www.coursera.org/learn/algorithms-part1",1
"Introduction to Virtual Reality
https://www.coursera.org/learn/introduction-virtual-reality",1
"Meet the person behind the Princess in the powerful new CNN Original Series #DianaCNN, premiering Sunday, October 10th at 9 p.m. ET/PT",2
"Getting started with Augmented Reality
https://www.coursera.org/learn/augmented-reality",1
"C# Programming for Unity Game Development Specialization
https://www.coursera.org/specializations/programming-unity-game-development",1
"CVE-2021-33035: RCE in Apache OpenOffice up to 4.1.10 - pure memory corruption. Just talked about it at #hacktivitycon and full writeup at https://medium.com/csg-govtech/all-your-d-base-are-belong-to-us-part-1-code-execution-in-apache-openoffice-cve-2021-33035-767fc7d6daf7?source=friends_link&sk=0cf113d71481c25f1a233e0c4f507357. More to come on CVE-2021-38646 Microsoft Office RCE...
",1
"!!! ùêãùêöùê¨ùê≠ ùüê ùêùùêöùê≤ùê¨ ùêëùêûùê¶ùêöùê¢ùêßùê¢ùêßùê† ùêüùê®ùê´ ùêëùêûùê†ùê¢ùê¨ùê≠ùê´ùêöùê≠ùê¢ùê®ùêß !!!
Lady beetleùóïùòÇùó¥ ùóïùóºùòÇùóªùòÅùòÜ ùóõùòÇùóªùòÅùó∂ùóªùó¥ ùóßùóøùóÆùó∂ùóªùó∂ùóªùó¥ - ùóïùóÆùòÅùó∞ùóµ ùü¨ùü¥
Starting From: 20.09.2021

Right pointing backhand index So hurry up enroll in our training program using the link: https://lnkd.in/ghKvYftr",1
"This 105,000-square-foot mansion in Los Angeles has seven pools, a 50-car garage, a 10,000-bottle wine cellar and even its own nightclub. https://cnn.it/3EqPoTn",2
"Dubai is set to open the world's largest observation wheel, Ain Dubai, in October. It's almost twice the height of the London Eye and can carry 1,750 passengers at a time.
",2
Here's how you can experience zero gravity without going to space https://cnn.it/3zq8chz,2
"Former Presidents Bill Clinton, George W. Bush and Barack Obama ‚Äî along with former first ladies Hillary Clinton, Laura Bush and Michelle Obama ‚Äî are teaming up to aid in a massive, bipartisan effort to welcome and support Afghan refugees.",2
"The Arc de Triomphe has been covered in 270,000 square feet of silver fabric. Here's why: https://cnn.it/3EwSgOn",2
A new Amazon original film explores a dark era of medical history https://t.co/BjmgUe2lAM?amp=1,2
Here's what on the agenda as the 76th session of the UN General Assembly kicks off next week https://t.co/xqqghXlgLI?amp=1,2
Hackathons which help you put your coding skills to work. Solve interesting business problems and real-world challenges. Register now.,1
"AWS Graviton Hackathon
Build or migrate an application to Amazon EC2 instances powered by Arm-based AWS Graviton2 processors for a chance to win $10,000 cash and a trip to re:Invent 2021",1
The most WTF Python code I've ever seen,1
From Katrina to Ida: How US presidents react to climate change and natural disasters https://t.co/NHBh4sdTvq?amp=1,2
Russian opposition complaints on final day of voting in country's parliamentary elections https://t.co/pscuBMHx6H?amp=1,2
"Slackliner walks along a 70m (230ft) high line attached to Eiffel Tower

https://bbc.in/3lE7KaP
",2
Turkmenistan: Getting Covid in a land where no cases officially exist https://t.co/d9GU7pN1GS?amp=1,2
"This is what it's like to be on a ""cruise to nowhere."" https://cnn.it/3ExmWiz",2
"London's Heathrow Airport is now Europe's tenth busiest airport, slipping from the top spot in 2019. https://t.co/ddV20phsQ0?amp=1
 ",2
"The Netherlands has long been the world's tallest nation ‚Äî but its people are getting shorter, according to Dutch researchers. https://t.co/MbbptRwRaC?amp=1",2
"We know how 
@Schwarzenegger
 became an action star, but how did he become governor of California? 
@DanaBashCNN
 sits down with The Governator to discuss his rise to political power on Total Recall: California‚Äôs Political Circus.

Listen to the podcast. https://t.co/C2CIkKc7gy?amp=1",2
"39,000 Americans die from gun violence every year. What are we doing to stop this? 

#ThePriceOfFreedomMovie airs Sunday at 9 p.m. ET only on CNN
",2
"While more Americans are likely to be eligible for Covid-19 vaccine booster shots, the most glaring issue prolonging the pandemic is the large swath of unvaccinated people, according to officials and health experts.
",2
Australia's nuclear-powered submarine deal is fueling anger in the country. Here's why https://t.co/ApA8RENGpO?amp=1,2